course_id,section_id,instructor,enrollment_status,enrollment_count,enrollment_capacity,waitlist_status,waitlist_count,waitlist_capacity,created_at
2732,187780200,"Sarrafzadeh, M.",Full,240,240,Full,30,30,2019-09-12 00:02:12.535829
2732,187780200,"Sarrafzadeh, M.",Full,240,240,Full,30,30,2019-09-12 01:02:10.713847
2732,187780200,"Sarrafzadeh, M.",Full,240,240,Full,30,30,2019-09-12 02:02:31.278499
2732,187780200,"Sarrafzadeh, M.",Full,240,240,Full,30,30,2019-09-12 03:02:06.534682
2732,187780200,"Sarrafzadeh, M.",Full,240,240,Full,30,30,2019-09-12 04:02:08.505523
2732,187780200,"Sarrafzadeh, M.",Full,240,240,Full,30,30,2019-09-12 05:01:59.931569
2732,187780200,"Sarrafzadeh, M.",Full,240,240,Full,30,30,2019-09-12 06:01:50.612687
2732,187780200,"Sarrafzadeh, M.",Full,240,240,Full,30,30,2019-09-12 07:01:48.494854
2732,187780200,"Sarrafzadeh, M.",Full,240,240,Full,30,30,2019-09-12 08:00:57.140456
2732,187780200,"Sarrafzadeh, M.",Full,240,240,Full,30,30,2019-09-12 09:01:48.477339
2732,187780200,"Sarrafzadeh, M.",Full,240,240,Full,30,30,2019-09-12 10:01:51.70551
2732,187780200,"Sarrafzadeh, M.",Full,240,240,Full,30,30,2019-09-12 11:01:48.981601
2732,187780200,"Sarrafzadeh, M.",Full,240,240,Full,30,30,2019-09-12 12:01:53.728873
2732,187780200,"Sarrafzadeh, M.",Full,240,240,Full,30,30,2019-09-12 13:01:40.986659
2732,187780200,"Sarrafzadeh, M.",Full,240,240,Full,30,30,2019-09-12 14:01:48.284273
2732,187780200,"Sarrafzadeh, M.",Full,240,240,Full,30,30,2019-09-12 15:01:46.069026
2732,187780200,"Sarrafzadeh, M.",Full,240,240,Full,30,30,2019-09-12 16:01:48.686326
2732,187780200,"Sarrafzadeh, M.",Full,240,240,Full,30,30,2019-09-12 17:01:53.249585
2732,187780200,"Sarrafzadeh, M.",Full,240,240,Full,30,30,2019-09-12 18:01:55.642981
2732,187780200,"Sarrafzadeh, M.",Full,240,240,Full,30,30,2019-09-12 19:01:50.453087
2732,187780200,"Sarrafzadeh, M.",Full,240,240,Full,30,30,2019-09-12 20:01:03.441578
2732,187780200,"Sarrafzadeh, M.",Full,240,240,Full,30,30,2019-09-12 21:01:12.932464
2732,187780200,"Sarrafzadeh, M.",Full,240,240,Full,30,30,2019-09-12 22:01:51.412421
2732,187780200,"Sarrafzadeh, M.",Full,240,240,Full,30,30,2019-09-12 23:01:49.039365
2732,187780200,"Sarrafzadeh, M.",Full,240,240,Full,30,30,2019-09-13 00:01:51.616412
2732,187780200,"Sarrafzadeh, M.",Full,240,240,Full,30,30,2019-09-13 01:01:48.135067
2732,187780200,"Sarrafzadeh, M.",Full,240,240,Full,30,30,2019-09-13 02:01:47.973473
2732,187780200,"Sarrafzadeh, M.",Full,240,240,Full,30,30,2019-09-13 03:01:05.305818
2732,187780200,"Sarrafzadeh, M.",Full,240,240,Full,30,30,2019-09-13 04:01:54.021017
2732,187780200,"Sarrafzadeh, M.",Full,240,240,Full,30,30,2019-09-13 05:01:44.742265
2732,187780200,"Sarrafzadeh, M.",Full,240,240,Full,30,30,2019-09-13 06:01:49.828769
2732,187780200,"Sarrafzadeh, M.",Full,240,240,Full,30,30,2019-09-13 07:00:46.536245
2732,187780200,"Sarrafzadeh, M.",Full,240,240,Full,30,30,2019-09-13 08:02:00.50029
2732,187780200,"Sarrafzadeh, M.",Full,240,240,Full,30,30,2019-09-13 09:01:20.142853
2732,187780200,"Sarrafzadeh, M.",Full,240,240,Full,30,30,2019-09-13 10:01:53.76526
2732,187780200,"Sarrafzadeh, M.",Full,240,240,Full,30,30,2019-09-13 11:01:56.497629
2732,187780200,"Sarrafzadeh, M.",Full,240,240,Full,30,30,2019-09-13 12:01:53.464776
2732,187780200,"Sarrafzadeh, M.",Full,240,240,Full,30,30,2019-09-13 13:01:53.362846
2732,187780200,"Sarrafzadeh, M.",Full,240,240,Full,30,30,2019-09-13 14:01:53.837873
2732,187780200,"Sarrafzadeh, M.",Full,240,240,Full,30,30,2019-09-13 15:01:48.791557
2732,187780200,"Sarrafzadeh, M.",Full,240,240,Full,30,30,2019-09-13 16:02:25.174043
2732,187780200,"Sarrafzadeh, M.",Full,240,240,Full,30,30,2019-09-13 17:01:51.852273
2732,187780200,"Sarrafzadeh, M.",Full,240,240,Full,30,30,2019-09-13 18:01:50.111316
2732,187780200,"Sarrafzadeh, M.",Full,240,240,Full,30,30,2019-09-13 19:01:52.185593
2732,187780200,"Sarrafzadeh, M.",Full,240,240,Full,30,30,2019-09-13 20:02:08.605453
2732,187780200,"Sarrafzadeh, M.",Full,240,240,Full,30,30,2019-09-13 21:01:50.37134
2732,187780200,"Sarrafzadeh, M.",Full,240,240,Full,30,30,2019-09-13 22:01:47.566849
2732,187780200,"Sarrafzadeh, M.",Full,240,240,Full,30,30,2019-09-13 23:02:15.425919
2732,187780200,"Sarrafzadeh, M.",Full,240,240,Full,30,30,2019-09-14 00:01:49.23085
2732,187780200,"Sarrafzadeh, M.",Full,240,240,Full,30,30,2019-09-14 01:01:54.330251
2732,187780200,"Sarrafzadeh, M.",Full,240,240,Full,30,30,2019-09-14 02:01:51.046846
2732,187780200,"Sarrafzadeh, M.",Full,240,240,Full,30,30,2019-09-14 03:00:12.446846
2732,187780200,"Sarrafzadeh, M.",Full,240,240,Full,30,30,2019-09-14 04:01:49.199288
2732,187780200,"Sarrafzadeh, M.",Full,240,240,Full,30,30,2019-09-14 05:01:47.365788
2732,187780200,"Sarrafzadeh, M.",Full,240,240,Full,30,30,2019-09-14 06:01:47.593876
2732,187780200,"Sarrafzadeh, M.",Full,240,240,Full,30,30,2019-09-14 07:01:47.302763
2732,187780200,"Sarrafzadeh, M.",Full,240,240,Full,30,30,2019-09-14 08:01:53.822857
2732,187780200,"Sarrafzadeh, M.",Full,240,240,Full,30,30,2019-09-14 09:01:55.374066
2732,187780200,"Sarrafzadeh, M.",Full,240,240,Full,30,30,2019-09-14 10:01:44.024781
2732,187780200,"Sarrafzadeh, M.",Full,240,240,Full,30,30,2019-09-14 11:01:48.721609
2732,187780200,"Sarrafzadeh, M.",Full,240,240,Full,30,30,2019-09-14 12:01:47.144415
2732,187780200,"Sarrafzadeh, M.",Full,240,240,Full,30,30,2019-09-14 13:02:07.945366
2732,187780200,"Sarrafzadeh, M.",Full,240,240,Full,30,30,2019-09-14 14:01:54.994512
2732,187780200,"Sarrafzadeh, M.",Full,240,240,Full,30,30,2019-09-14 15:01:26.477064
2732,187780200,"Sarrafzadeh, M.",Full,240,240,Full,30,30,2019-09-14 16:01:50.209416
2732,187780200,"Sarrafzadeh, M.",Full,240,240,Full,30,30,2019-09-14 17:01:49.894614
2732,187780200,"Sarrafzadeh, M.",Full,240,240,Full,30,30,2019-09-14 18:01:49.820093
2732,187780200,"Sarrafzadeh, M.",Full,240,240,Full,30,30,2019-09-14 19:01:48.082438
2732,187780200,"Sarrafzadeh, M.",Full,240,240,Full,30,30,2019-09-14 20:01:46.598844
2732,187780200,"Sarrafzadeh, M.",Full,240,240,Full,30,30,2019-09-14 21:01:51.874495
2732,187780200,"Sarrafzadeh, M.",Full,240,240,Full,30,30,2019-09-14 22:01:48.344439
2732,187780200,"Sarrafzadeh, M.",Full,240,240,Full,30,30,2019-09-14 23:01:47.012357
2732,187780200,"Sarrafzadeh, M.",Full,240,240,Full,30,30,2019-09-15 00:01:45.446238
2732,187780200,"Sarrafzadeh, M.",Full,240,240,Full,30,30,2019-09-15 01:01:54.046364
2732,187780200,"Sarrafzadeh, M.",Full,240,240,Full,30,30,2019-09-15 02:01:48.205803
2732,187780200,"Sarrafzadeh, M.",Full,240,240,Full,30,30,2019-09-15 03:01:48.991021
2732,187780200,"Sarrafzadeh, M.",Full,240,240,Full,30,30,2019-09-15 04:01:48.285843
2732,187780200,"Sarrafzadeh, M.",Full,240,240,Full,30,30,2019-09-15 05:01:53.336132
2732,187780200,"Sarrafzadeh, M.",Full,240,240,Full,30,30,2019-09-15 06:01:52.60429
2732,187780200,"Sarrafzadeh, M.",Full,240,240,Full,30,30,2019-09-15 07:01:34.462846
2732,187780200,"Sarrafzadeh, M.",Full,240,240,Full,30,30,2019-09-15 08:01:51.566682
2732,187780200,"Sarrafzadeh, M.",Full,240,240,Full,30,30,2019-09-15 09:01:51.656282
2732,187780200,"Sarrafzadeh, M.",Full,240,240,Full,30,30,2019-09-15 10:01:49.760678
2732,187780200,"Sarrafzadeh, M.",Full,240,240,Full,30,30,2019-09-15 11:00:36.685816
2732,187780200,"Sarrafzadeh, M.",Full,240,240,Full,30,30,2019-09-15 12:01:52.956409
2732,187780200,"Sarrafzadeh, M.",Full,240,240,Full,30,30,2019-09-15 13:01:43.710251
2732,187780200,"Sarrafzadeh, M.",Full,240,240,Full,30,30,2019-09-15 14:01:49.781323
2732,187780200,"Sarrafzadeh, M.",Full,240,240,Full,30,30,2019-09-15 15:01:55.761266
2732,187780200,"Sarrafzadeh, M.",Full,240,240,Full,30,30,2019-09-15 16:01:49.858501
2732,187780200,"Sarrafzadeh, M.",Full,240,240,Full,30,30,2019-09-15 17:02:20.142842
2732,187780200,"Sarrafzadeh, M.",Full,240,240,Full,30,30,2019-09-15 18:01:55.704879
2732,187780200,"Sarrafzadeh, M.",Full,240,240,Full,30,30,2019-09-15 19:01:55.61348
2732,187780200,"Sarrafzadeh, M.",Full,240,240,Full,30,30,2019-09-15 20:01:49.326713
2732,187780200,"Sarrafzadeh, M.",Full,240,240,Full,30,30,2019-09-15 21:01:54.151028
2732,187780200,"Sarrafzadeh, M.",Full,240,240,Full,30,30,2019-09-15 22:01:53.867104
2732,187780200,"Sarrafzadeh, M.",Full,240,240,Full,30,30,2019-09-15 23:01:52.833067
2732,187780200,"Sarrafzadeh, M.",Full,240,240,Full,30,30,2019-09-16 00:01:47.572308
2732,187780200,"Sarrafzadeh, M.",Full,240,240,Full,30,30,2019-09-16 01:01:34.61004
2732,187780200,"Sarrafzadeh, M.",Full,240,240,Full,30,30,2019-09-16 02:01:53.078949
2732,187780200,"Sarrafzadeh, M.",Full,240,240,Full,30,30,2019-09-16 03:01:49.46964
2732,187780200,"Sarrafzadeh, M.",Full,240,240,Full,30,30,2019-09-16 04:02:20.957824
2732,187780200,"Sarrafzadeh, M.",Full,240,240,Full,30,30,2019-09-16 05:00:50.512253
2732,187780200,"Sarrafzadeh, M.",Full,240,240,Full,30,30,2019-09-16 06:01:46.821534
2732,187780200,"Sarrafzadeh, M.",Full,240,240,Full,30,30,2019-09-16 07:01:50.337962
2732,187780200,"Sarrafzadeh, M.",Full,240,240,Full,30,30,2019-09-16 08:01:51.382036
2732,187780200,"Sarrafzadeh, M.",Full,240,240,Full,30,30,2019-09-16 09:01:49.968467
2732,187780200,"Sarrafzadeh, M.",Full,240,240,Full,30,30,2019-09-16 10:01:54.840827
2732,187780200,"Sarrafzadeh, M.",Full,240,240,Full,30,30,2019-09-16 11:00:58.154847
2732,187780200,"Sarrafzadeh, M.",Full,240,240,Full,30,30,2019-09-16 12:01:46.430338
2732,187780200,"Sarrafzadeh, M.",Full,240,240,Full,30,30,2019-09-16 13:01:54.909974
2732,187780200,"Sarrafzadeh, M.",Full,240,240,Full,30,30,2019-09-16 14:01:53.211873
2732,187780200,"Sarrafzadeh, M.",Full,240,240,Full,30,30,2019-09-16 15:01:34.268738
2732,187780200,"Sarrafzadeh, M.",Full,240,240,Full,30,30,2019-09-16 16:01:53.337782
2732,187780200,"Sarrafzadeh, M.",Full,240,240,Full,30,30,2019-09-16 17:00:58.714733
2732,187780200,"Sarrafzadeh, M.",Full,240,240,Full,30,30,2019-09-16 18:01:29.698175
2732,187780200,"Sarrafzadeh, M.",Full,240,240,Full,30,30,2019-09-16 19:01:48.875512
2732,187780200,"Sarrafzadeh, M.",Full,240,240,Full,30,30,2019-09-16 20:01:41.121058
2732,187780200,"Sarrafzadeh, M.",Full,240,240,Full,30,30,2019-09-16 21:01:48.087857
2732,187780200,"Sarrafzadeh, M.",Full,240,240,Full,30,30,2019-09-16 22:00:56.364833
2732,187780200,"Sarrafzadeh, M.",Full,240,240,Full,30,30,2019-09-16 23:01:50.8483
2732,187780200,"Sarrafzadeh, M.",Full,240,240,Full,30,30,2019-09-17 00:02:18.869952
2732,187780200,"Sarrafzadeh, M.",Full,240,240,Full,30,30,2019-09-17 01:00:53.712331
2732,187780200,"Sarrafzadeh, M.",Full,240,240,Full,30,30,2019-09-17 02:01:41.85978
2732,187780200,"Sarrafzadeh, M.",Full,240,240,Full,30,30,2019-09-17 03:01:33.090592
2732,187780200,"Sarrafzadeh, M.",Full,240,240,Full,30,30,2019-09-17 04:01:40.596638
2732,187780200,"Sarrafzadeh, M.",Full,240,240,Full,30,30,2019-09-17 05:01:31.528699
2732,187780200,"Sarrafzadeh, M.",Full,240,240,Full,30,30,2019-09-17 06:01:35.491134
2732,187780200,"Sarrafzadeh, M.",Full,240,240,Full,30,30,2019-09-17 07:01:29.37085
2732,187780200,"Sarrafzadeh, M.",Full,240,240,Full,30,30,2019-09-17 08:01:38.99885
2732,187780200,"Sarrafzadeh, M.",Full,240,240,Full,30,30,2019-09-17 09:01:43.72076
2732,187780200,"Sarrafzadeh, M.",Full,240,240,Full,30,30,2019-09-17 10:01:39.845805
2732,187780200,"Sarrafzadeh, M.",Full,240,240,Full,30,30,2019-09-17 11:01:39.588283
2732,187780200,"Sarrafzadeh, M.",Full,240,240,Full,30,30,2019-09-17 12:01:41.921965
2732,187780200,"Sarrafzadeh, M.",Full,240,240,Full,30,30,2019-09-17 13:01:33.941166
2732,187780200,"Sarrafzadeh, M.",Full,240,240,Full,30,30,2019-09-17 14:01:40.502848
2732,187780200,"Sarrafzadeh, M.",Full,240,240,Full,30,30,2019-09-17 15:02:36.057558
2732,187780200,"Sarrafzadeh, M.",Full,240,240,Full,30,30,2019-09-17 16:01:37.202341
2732,187780200,"Sarrafzadeh, M.",Full,240,240,Full,30,30,2019-09-17 17:01:32.854241
2732,187780200,"Sarrafzadeh, M.",Full,240,240,Full,30,30,2019-09-17 18:01:41.334849
2732,187780200,"Sarrafzadeh, M.",Full,240,240,Full,30,30,2019-09-17 19:02:14.535169
2732,187780200,"Sarrafzadeh, M.",Full,240,240,Full,30,30,2019-09-17 20:01:52.16147
2732,187780200,"Sarrafzadeh, M.",Full,240,240,Full,30,30,2019-09-17 21:01:49.789565
2732,187780200,"Sarrafzadeh, M.",Full,240,240,Full,30,30,2019-09-17 22:01:58.408382
2732,187780200,"Sarrafzadeh, M.",Full,240,240,Full,30,30,2019-09-17 23:01:17.776624
2732,187780200,"Sarrafzadeh, M.",Full,240,240,Full,30,30,2019-09-18 00:01:57.311115
2732,187780200,"Sarrafzadeh, M.",Full,240,240,Full,30,30,2019-09-18 01:01:34.37251
2732,187780200,"Sarrafzadeh, M.",Full,240,240,Full,30,30,2019-09-18 02:00:54.689888
2732,187780200,"Sarrafzadeh, M.",Full,240,240,Full,30,30,2019-09-18 03:01:53.373138
2732,187780200,"Sarrafzadeh, M.",Full,240,240,Full,30,30,2019-09-18 04:00:49.459532
2732,187780200,"Sarrafzadeh, M.",Full,240,240,Full,30,30,2019-09-18 05:01:38.312424
2732,187780200,"Sarrafzadeh, M.",Full,240,240,Full,30,30,2019-09-18 06:01:40.305871
2732,187780200,"Sarrafzadeh, M.",Full,240,240,Full,30,30,2019-09-18 07:01:40.975887
2732,187780200,"Sarrafzadeh, M.",Full,240,240,Full,30,30,2019-09-18 08:01:40.100713
2732,187780200,"Sarrafzadeh, M.",Full,240,240,Full,30,30,2019-09-18 09:01:34.819279
2732,187780200,"Sarrafzadeh, M.",Full,240,240,Full,30,30,2019-09-18 10:01:39.348047
2732,187780200,"Sarrafzadeh, M.",Full,240,240,Full,30,30,2019-09-18 11:01:57.799645
2732,187780200,"Sarrafzadeh, M.",Full,240,240,Full,30,30,2019-09-18 12:01:18.355493
2732,187780200,"Sarrafzadeh, M.",Full,240,240,Full,30,30,2019-09-18 13:01:27.260387
2732,187780200,"Sarrafzadeh, M.",Full,240,240,Full,30,30,2019-09-18 14:02:22.941591
2732,187780200,"Sarrafzadeh, M.",Full,240,240,Full,30,30,2019-09-18 15:01:55.994945
2732,187780200,"Sarrafzadeh, M.",Full,240,240,Full,30,30,2019-09-18 16:01:40.136393
2732,187780200,"Sarrafzadeh, M.",Full,240,240,Full,30,30,2019-09-18 17:01:42.652708
2732,187780200,"Sarrafzadeh, M.",Full,240,240,Full,30,30,2019-09-18 18:01:42.454845
2732,187780200,"Sarrafzadeh, M.",Full,240,240,Full,30,30,2019-09-18 19:01:39.451066
2732,187780200,"Sarrafzadeh, M.",Full,240,240,Full,30,30,2019-09-18 20:01:37.015582
2732,187780200,"Sarrafzadeh, M.",Full,240,240,Full,30,30,2019-09-18 21:01:39.338272
2732,187780200,"Sarrafzadeh, M.",Full,240,240,Full,30,30,2019-09-18 22:01:06.318849
2732,187780200,"Sarrafzadeh, M.",Full,240,240,Full,30,30,2019-09-18 23:01:40.058727
2732,187780200,"Sarrafzadeh, M.",Full,240,240,Full,30,30,2019-09-19 00:01:45.825635
2732,187780200,"Sarrafzadeh, M.",Full,240,240,Full,30,30,2019-09-19 01:01:35.549071
2732,187780200,"Sarrafzadeh, M.",Full,240,240,Full,30,30,2019-09-19 02:01:32.657893
2732,187780200,"Sarrafzadeh, M.",Full,240,240,Full,30,30,2019-09-19 03:01:34.981633
2732,187780200,"Sarrafzadeh, M.",Full,240,240,Full,30,30,2019-09-19 04:00:52.335218
2732,187780200,"Sarrafzadeh, M.",Full,240,240,Full,30,30,2019-09-19 05:01:47.674084
2732,187780200,"Sarrafzadeh, M.",Full,240,240,Full,30,30,2019-09-19 06:01:38.16527
2732,187780200,"Sarrafzadeh, M.",Full,240,240,Full,30,30,2019-09-19 07:01:49.866848
2732,187780200,"Sarrafzadeh, M.",Full,240,240,Full,30,30,2019-09-19 08:01:32.710925
2732,187780200,"Sarrafzadeh, M.",Full,240,240,Full,30,30,2019-09-19 09:01:37.000435
2732,187780200,"Sarrafzadeh, M.",Full,240,240,Full,30,30,2019-09-19 10:01:39.138846
2732,187780200,"Sarrafzadeh, M.",Full,240,240,Full,30,30,2019-09-19 11:01:35.488375
2732,187780200,"Sarrafzadeh, M.",Full,240,240,Full,30,30,2019-09-19 12:01:36.166846
2732,187780200,"Sarrafzadeh, M.",Full,240,240,Full,30,30,2019-09-19 13:01:01.112452
2732,187780200,"Sarrafzadeh, M.",Full,240,240,Full,30,30,2019-09-19 14:00:44.962331
2732,187780200,"Sarrafzadeh, M.",Full,240,240,Full,30,30,2019-09-19 15:01:38.708877
2732,187780200,"Sarrafzadeh, M.",Full,240,240,Full,30,30,2019-09-19 16:01:35.802987
2732,187780200,"Sarrafzadeh, M.",Full,240,240,Full,30,30,2019-09-19 17:01:37.046848
2732,187780200,"Sarrafzadeh, M.",Full,240,240,Full,30,30,2019-09-19 18:01:45.191997
2732,187780200,"Sarrafzadeh, M.",Full,240,240,Full,30,30,2019-09-19 19:01:42.536522
2732,187780200,"Sarrafzadeh, M.",Full,240,240,Full,30,30,2019-09-19 20:01:34.483817
2732,187780200,"Sarrafzadeh, M.",Full,240,240,Full,30,30,2019-09-19 21:01:36.463897
2732,187780200,"Sarrafzadeh, M.",Full,240,240,Full,30,30,2019-09-19 22:01:33.010718
2732,187780200,"Sarrafzadeh, M.",Full,240,240,Full,30,30,2019-09-19 23:01:12.673363
2732,187780200,"Sarrafzadeh, M.",Full,240,240,Full,30,30,2019-09-20 00:01:19.669252
2732,187780200,"Sarrafzadeh, M.",Full,240,240,Full,30,30,2019-09-20 01:01:36.775204
2732,187780200,"Sarrafzadeh, M.",Full,240,240,Full,30,30,2019-09-20 02:01:22.242568
2732,187780200,"Sarrafzadeh, M.",Full,240,240,Full,30,30,2019-09-20 03:00:37.570858
2732,187780200,"Sarrafzadeh, M.",Full,240,240,Full,30,30,2019-09-20 04:01:42.829624
2732,187780200,"Sarrafzadeh, M.",Full,240,240,Full,30,30,2019-09-20 05:01:44.898153
2732,187780200,"Sarrafzadeh, M.",Full,240,240,Full,30,30,2019-09-20 06:01:34.464205
2732,187780200,"Sarrafzadeh, M.",Full,240,240,Full,30,30,2019-09-20 07:01:36.800969
2732,187780200,"Sarrafzadeh, M.",Full,240,240,Full,30,30,2019-09-20 08:01:40.202772
2732,187780200,"Sarrafzadeh, M.",Full,240,240,Full,30,30,2019-09-20 09:01:36.154105
2732,187780200,"Sarrafzadeh, M.",Full,240,240,Full,30,30,2019-09-20 10:01:33.516566
2732,187780200,"Sarrafzadeh, M.",Full,240,240,Full,30,30,2019-09-20 11:02:23.042624
2732,187780200,"Sarrafzadeh, M.",Full,240,240,Full,30,30,2019-09-20 12:01:37.512349
2732,187780200,"Sarrafzadeh, M.",Full,240,240,Full,30,30,2019-09-20 13:02:17.482257
2732,187780200,"Sarrafzadeh, M.",Full,240,240,Full,30,30,2019-09-20 14:01:34.249607
2732,187780200,"Sarrafzadeh, M.",Full,240,240,Full,30,30,2019-09-20 15:01:40.596293
2732,187780200,"Sarrafzadeh, M.",Full,240,240,Full,30,30,2019-09-20 16:00:30.582847
2732,187780200,"Sarrafzadeh, M.",Full,240,240,Full,30,30,2019-09-20 17:02:27.396426
2732,187780200,"Sarrafzadeh, M.",Full,240,240,Full,30,30,2019-09-20 18:01:21.044329
2732,187780200,"Sarrafzadeh, M.",Full,240,240,Full,30,30,2019-09-20 19:01:27.694848
2732,187780200,"Sarrafzadeh, M.",Full,240,240,Full,30,30,2019-09-20 20:01:39.810844
2732,187780200,"Sarrafzadeh, M.",Full,240,240,Full,30,30,2019-09-20 21:01:39.236218
2732,187780200,"Sarrafzadeh, M.",Full,240,240,Full,30,30,2019-09-20 22:01:43.290324
2732,187780200,"Sarrafzadeh, M.",Full,240,240,Full,30,30,2019-09-20 23:01:36.085447
2732,187780200,"Sarrafzadeh, M.",Full,240,240,Full,30,30,2019-09-21 00:01:20.490015
2732,187780200,"Sarrafzadeh, M.",Full,240,240,Full,30,30,2019-09-21 01:01:45.111279
2732,187780200,"Sarrafzadeh, M.",Full,240,240,Full,30,30,2019-09-21 02:01:51.895421
2732,187780200,"Sarrafzadeh, M.",Full,240,240,Full,30,30,2019-09-21 03:01:35.170189
2732,187780200,"Sarrafzadeh, M.",Full,240,240,Full,30,30,2019-09-21 04:01:45.420641
2732,187780200,"Sarrafzadeh, M.",Full,240,240,Full,30,30,2019-09-21 05:00:34.634713
2732,187780200,"Sarrafzadeh, M.",Full,240,240,Full,30,30,2019-09-21 06:01:33.64151
2732,187780200,"Sarrafzadeh, M.",Full,240,240,Full,30,30,2019-09-21 07:01:38.699873
2732,187780200,"Sarrafzadeh, M.",Full,240,240,Full,30,30,2019-09-21 08:01:39.491726
2732,187780200,"Sarrafzadeh, M.",Full,240,240,Full,30,30,2019-09-21 09:01:40.92478
2732,187780200,"Sarrafzadeh, M.",Full,240,240,Full,30,30,2019-09-21 10:02:17.568799
2732,187780200,"Sarrafzadeh, M.",Full,240,240,Full,30,30,2019-09-21 11:01:41.63128
2732,187780200,"Sarrafzadeh, M.",Full,240,240,Full,30,30,2019-09-22 01:01:52.471822
2732,187780200,"Sarrafzadeh, M.",Full,240,240,Full,30,30,2019-09-22 02:02:23.726849
2732,187780200,"Sarrafzadeh, M.",Full,240,240,Full,30,30,2019-09-22 03:01:43.562108
2732,187780200,"Sarrafzadeh, M.",Full,240,240,Full,30,30,2019-09-22 04:01:38.175793
2732,187780200,"Sarrafzadeh, M.",Full,240,240,Full,30,30,2019-09-22 05:01:37.85562
2732,187780200,"Sarrafzadeh, M.",Full,240,240,Full,30,30,2019-09-22 06:01:42.586379
2732,187780200,"Sarrafzadeh, M.",Full,240,240,Full,30,30,2019-09-22 07:03:13.526847
2732,187780200,"Sarrafzadeh, M.",Full,240,240,Full,30,30,2019-09-22 08:01:41.122845
2732,187780200,"Sarrafzadeh, M.",Full,240,240,Full,30,30,2019-09-22 09:01:41.982199
2732,187780200,"Sarrafzadeh, M.",Full,240,240,Full,30,30,2019-09-22 10:01:33.312166
2732,187780200,"Sarrafzadeh, M.",Full,240,240,Full,30,30,2019-09-22 11:01:32.571101
2732,187780200,"Sarrafzadeh, M.",Full,240,240,Full,30,30,2019-09-22 12:01:35.809757
2732,187780200,"Sarrafzadeh, M.",Full,240,240,Full,30,30,2019-09-22 13:01:47.990232
2732,187780200,"Sarrafzadeh, M.",Full,240,240,Full,30,30,2019-09-22 14:02:22.150526
2732,187780200,"Sarrafzadeh, M.",Full,240,240,Full,30,30,2019-09-22 15:01:36.913441
2732,187780200,"Sarrafzadeh, M.",Full,240,240,Full,30,30,2019-09-22 16:01:34.036654
2732,187780200,"Sarrafzadeh, M.",Full,240,240,Full,30,30,2019-09-22 17:03:42.153755
2732,187780200,"Sarrafzadeh, M.",Full,240,240,Full,30,30,2019-09-22 18:01:38.205854
2732,187780200,"Sarrafzadeh, M.",Full,240,240,Full,30,30,2019-09-22 19:02:45.648221
2732,187780200,"Sarrafzadeh, M.",Full,240,240,Full,30,30,2019-09-22 20:01:41.346956
2732,187780200,"Sarrafzadeh, M.",Full,240,240,Full,30,30,2019-09-22 21:01:45.160415
2732,187780200,"Sarrafzadeh, M.",Full,240,240,Full,30,30,2019-09-22 22:01:36.719185
2732,187780200,"Sarrafzadeh, M.",Full,240,240,Full,30,30,2019-09-22 23:02:15.233128
2732,187780200,"Sarrafzadeh, M.",Full,240,240,Full,30,30,2019-09-23 00:01:45.85725
2732,187780200,"Sarrafzadeh, M.",Full,240,240,Full,30,30,2019-09-23 01:01:36.808564
2732,187780200,"Sarrafzadeh, M.",Full,240,240,Full,30,30,2019-09-23 02:01:38.380442
2732,187780200,"Sarrafzadeh, M.",Full,240,240,Full,30,30,2019-09-23 03:05:03.787427
2732,187780200,"Sarrafzadeh, M.",Full,240,240,Full,30,30,2019-09-23 04:01:38.681476
2732,187780200,"Sarrafzadeh, M.",Full,240,240,Full,30,30,2019-09-23 05:03:11.439947
2732,187780200,"Sarrafzadeh, M.",Full,240,240,Full,30,30,2019-09-23 06:01:41.370135
2732,187780200,"Sarrafzadeh, M.",Full,240,240,Full,30,30,2019-09-23 07:04:35.571858
2732,187780200,"Sarrafzadeh, M.",Full,240,240,Full,30,30,2019-09-23 08:01:36.888071
2732,187780200,"Sarrafzadeh, M.",Full,240,240,Full,30,30,2019-09-23 09:02:10.304741
2732,187780200,"Sarrafzadeh, M.",Full,240,240,Full,30,30,2019-09-23 10:01:41.626243
2732,187780200,"Sarrafzadeh, M.",Full,240,240,Full,30,30,2019-09-23 11:01:37.461599
2732,187780200,"Sarrafzadeh, M.",Full,240,240,Full,30,30,2019-09-23 12:01:36.911079
2732,187780200,"Sarrafzadeh, M.",Full,240,240,Full,30,30,2019-09-23 13:02:28.927655
2732,187780200,"Sarrafzadeh, M.",Full,240,240,Full,30,30,2019-09-23 14:01:39.370766
2732,187780200,"Sarrafzadeh, M.",Full,240,240,Full,30,30,2019-09-23 15:00:52.962622
2732,187780200,"Sarrafzadeh, M.",Full,240,240,Full,30,30,2019-09-23 16:01:48.629562
2732,187780200,"Sarrafzadeh, M.",Full,240,240,Full,30,30,2019-09-23 17:06:42.363511
2732,187780200,"Sarrafzadeh, M.",Full,240,240,Full,30,30,2019-09-23 18:01:40.819328
2732,187780200,"Sarrafzadeh, M.",Full,240,240,Full,30,30,2019-09-23 19:05:00.366186
2732,187780200,"Sarrafzadeh, M.",Full,240,240,Full,30,30,2019-09-23 20:01:42.328237
2732,187780200,"Sarrafzadeh, M.",Full,240,240,Full,30,30,2019-09-23 21:04:55.09325
2732,187780200,"Sarrafzadeh, M.",Full,240,240,Full,30,30,2019-09-23 22:01:43.388444
2732,187780200,"Sarrafzadeh, M.",Full,240,240,Full,30,30,2019-09-23 23:05:56.964858
2732,187780200,"Sarrafzadeh, M.",Full,240,240,Full,30,30,2019-09-24 00:01:42.173877
2732,187780200,"Sarrafzadeh, M.",Full,240,240,Full,30,30,2019-09-24 01:05:17.635015
2732,187780200,"Sarrafzadeh, M.",Full,240,240,Full,30,30,2019-09-24 02:01:42.346444
2732,187780200,"Sarrafzadeh, M.",Full,240,240,Full,30,30,2019-09-24 03:01:44.325525
2732,187780200,"Sarrafzadeh, M.",Full,240,240,Full,30,30,2019-09-24 04:01:34.02253
2732,187780200,"Sarrafzadeh, M.",Full,240,240,Full,30,30,2019-09-24 05:04:26.980371
2732,187780200,"Sarrafzadeh, M.",Full,240,240,Full,30,30,2019-09-24 06:01:55.166615
2732,187780200,"Sarrafzadeh, M.",Full,240,240,Full,30,30,2019-09-24 07:02:07.390019
2732,187780200,"Sarrafzadeh, M.",Full,240,240,Full,30,30,2019-09-24 08:01:08.202168
2732,187780200,"Sarrafzadeh, M.",Full,240,240,Full,30,30,2019-09-24 09:02:12.761153
2732,187780200,"Sarrafzadeh, M.",Full,240,240,Full,30,30,2019-09-24 10:01:45.869849
2732,187780200,"Sarrafzadeh, M.",Full,240,240,Full,30,30,2019-09-24 11:04:30.485133
2732,187780200,"Sarrafzadeh, M.",Full,240,240,Full,30,30,2019-09-24 12:01:44.311215
2732,187780200,"Sarrafzadeh, M.",Full,240,240,Full,30,30,2019-09-24 13:04:19.058846
2732,187780200,"Sarrafzadeh, M.",Full,240,240,Full,30,30,2019-09-24 14:01:33.743678
2732,187780200,"Sarrafzadeh, M.",Full,240,240,Full,30,30,2019-09-24 15:03:13.210292
2732,187780200,"Sarrafzadeh, M.",Full,240,240,Full,30,30,2019-09-24 16:01:13.640264
2732,187780200,"Sarrafzadeh, M.",Full,240,240,Full,30,30,2019-09-24 17:07:17.068294
2732,187780200,"Sarrafzadeh, M.",Full,240,240,Full,30,30,2019-09-24 18:01:37.129214
2732,187780200,"Sarrafzadeh, M.",Full,240,240,Full,30,30,2019-09-24 19:03:07.041245
2732,187780200,"Sarrafzadeh, M.",Full,240,240,Full,30,30,2019-09-24 20:01:39.657007
2732,187780200,"Sarrafzadeh, M.",Full,240,240,Full,30,30,2019-09-24 21:05:02.298292
2732,187780200,"Sarrafzadeh, M.",Full,240,240,Full,30,30,2019-09-24 22:01:38.845019
2732,187780200,"Sarrafzadeh, M.",Full,240,240,Full,30,30,2019-09-24 23:01:39.284126
2732,187780200,"Sarrafzadeh, M.",Full,240,240,Full,30,30,2019-09-25 00:01:41.918553
2732,187780200,"Sarrafzadeh, M.",Full,240,240,Full,30,30,2019-09-25 01:01:52.452395
2732,187780200,"Sarrafzadeh, M.",Full,240,240,Full,30,30,2019-09-25 02:01:31.323542
2732,187780200,"Sarrafzadeh, M.",Full,240,240,Full,30,30,2019-09-25 03:01:35.684535
2732,187780200,"Sarrafzadeh, M.",Full,240,240,Full,30,30,2019-09-25 04:01:42.38671
2732,187780200,"Sarrafzadeh, M.",Full,240,240,Full,30,30,2019-09-25 05:04:56.349973
2732,187780200,"Sarrafzadeh, M.",Full,240,240,Full,30,30,2019-09-25 06:01:40.575091
2732,187780200,"Sarrafzadeh, M.",Full,240,240,Full,30,30,2019-09-25 07:01:53.468887
2732,187780200,"Sarrafzadeh, M.",Full,240,240,Full,30,30,2019-09-25 08:01:43.080596
2732,187780200,"Sarrafzadeh, M.",Full,240,240,Full,30,30,2019-09-25 09:01:43.672209
2732,187780200,"Sarrafzadeh, M.",Full,240,240,Full,30,30,2019-09-25 10:00:57.630257
2732,187780200,"Sarrafzadeh, M.",Full,240,240,Full,30,30,2019-09-25 11:01:47.782484
2732,187780200,"Sarrafzadeh, M.",Full,240,240,Full,30,30,2019-09-25 12:01:38.370196
2732,187780200,"Sarrafzadeh, M.",Full,240,240,Full,30,30,2019-09-25 13:03:42.138143
2732,187780200,"Sarrafzadeh, M.",Full,240,240,Full,30,30,2019-09-25 14:01:37.652212
2732,187780200,"Sarrafzadeh, M.",Full,240,240,Full,30,30,2019-09-25 15:06:26.852088
2732,187780200,"Sarrafzadeh, M.",Full,240,240,Full,30,30,2019-09-25 16:01:40.714517
2732,187780200,"Sarrafzadeh, M.",Full,240,240,Full,30,30,2019-09-25 17:07:06.202813
2732,187780200,"Sarrafzadeh, M.",Full,240,240,Full,30,30,2019-09-25 18:01:16.208699
2732,187780200,"Sarrafzadeh, M.",Full,240,240,Full,30,30,2019-09-25 19:05:42.157655
2732,187780200,"Sarrafzadeh, M.",Full,240,240,Full,30,30,2019-09-25 20:01:35.012403
2732,187780200,"Sarrafzadeh, M.",Full,240,240,Full,30,30,2019-09-25 21:01:22.684737
2732,187780200,"Sarrafzadeh, M.",Full,240,240,Full,30,30,2019-09-25 22:01:12.106849
2732,187780200,"Sarrafzadeh, M.",Full,240,240,Full,30,30,2019-09-25 23:01:42.909437
2732,187780200,"Sarrafzadeh, M.",Full,240,240,Full,30,30,2019-09-26 00:01:46.814845
2732,187780200,"Sarrafzadeh, M.",Full,240,240,Full,30,30,2019-09-26 01:01:45.900922
2732,187780200,"Sarrafzadeh, M.",Full,250,250,None,0,0,2019-09-26 02:01:39.929975
2732,187780200,"Sarrafzadeh, M.",Full,250,250,None,0,0,2019-09-26 03:01:38.4707
2732,187780200,"Sarrafzadeh, M.",Full,250,250,None,0,0,2019-09-26 04:01:41.47342
2732,187780200,"Sarrafzadeh, M.",Full,250,250,None,0,0,2019-09-26 05:01:44.73418
2732,187780200,"Sarrafzadeh, M.",Full,250,250,None,0,0,2019-09-26 06:01:44.187269
2732,187780200,"Sarrafzadeh, M.",Full,250,250,None,0,0,2019-09-26 07:01:45.731789
2732,187780200,"Sarrafzadeh, M.",Full,250,250,None,0,0,2019-09-26 08:02:21.886397
2732,187780200,"Sarrafzadeh, M.",Full,250,250,None,0,0,2019-09-26 09:01:39.505368
2732,187780200,"Sarrafzadeh, M.",Full,250,250,None,0,0,2019-09-26 10:01:44.776283
2732,187780200,"Sarrafzadeh, M.",Full,250,250,None,0,0,2019-09-26 11:01:43.000175
2732,187780200,"Sarrafzadeh, M.",Full,250,250,None,0,0,2019-09-26 12:01:45.990125
2732,187780200,"Sarrafzadeh, M.",Full,250,250,None,0,0,2019-09-26 13:01:40.342074
2732,187780200,"Sarrafzadeh, M.",Full,250,250,None,0,0,2019-09-26 14:01:02.264189
2732,187780200,"Sarrafzadeh, M.",Full,250,250,None,0,0,2019-09-26 15:01:43.416586
2732,187780200,"Sarrafzadeh, M.",Full,250,250,None,0,0,2019-09-26 16:01:41.921859
2732,187780200,"Sarrafzadeh, M.",Full,250,250,None,0,0,2019-09-26 17:00:59.653208
2732,187780200,"Sarrafzadeh, M.",Full,250,250,None,0,0,2019-09-26 18:01:40.956481
2732,187780200,"Sarrafzadeh, M.",Full,250,250,None,0,0,2019-09-26 19:01:43.482685
2732,187780200,"Sarrafzadeh, M.",Full,250,250,None,0,0,2019-09-26 20:01:46.338069
2732,187780200,"Sarrafzadeh, M.",Full,250,250,None,0,0,2019-09-26 21:01:42.66308
2732,187780200,"Sarrafzadeh, M.",Full,250,250,None,0,0,2019-09-26 22:01:42.135535
2732,187780200,"Sarrafzadeh, M.",Full,250,250,None,0,0,2019-09-26 23:01:39.571518
2732,187780200,"Sarrafzadeh, M.",Full,250,250,None,0,0,2019-09-27 00:01:43.903764
2732,187780200,"Sarrafzadeh, M.",Full,250,250,None,0,0,2019-09-27 01:01:44.736388
2732,187780200,"Sarrafzadeh, M.",Full,250,250,None,0,0,2019-09-27 02:01:03.401023
2732,187780200,"Sarrafzadeh, M.",Full,250,250,None,0,0,2019-09-27 03:01:46.265027
2732,187780200,"Sarrafzadeh, M.",Full,250,250,None,0,0,2019-09-27 04:02:00.183846
2732,187780200,"Sarrafzadeh, M.",Full,250,250,None,0,0,2019-09-27 05:01:35.919927
2732,187780200,"Sarrafzadeh, M.",Full,250,250,None,0,0,2019-09-27 06:01:43.108452
2732,187780200,"Sarrafzadeh, M.",Full,250,250,None,0,0,2019-09-27 07:01:40.109407
2732,187780200,"Sarrafzadeh, M.",Full,250,250,None,0,0,2019-09-27 08:01:41.895021
2732,187780200,"Sarrafzadeh, M.",Full,250,250,None,0,0,2019-09-27 09:01:41.914799
2732,187780200,"Sarrafzadeh, M.",Full,250,250,None,0,0,2019-09-27 10:01:34.19732
2732,187780200,"Sarrafzadeh, M.",Full,250,250,None,0,0,2019-09-27 11:01:33.401663
2732,187780200,"Sarrafzadeh, M.",Full,250,250,None,0,0,2019-09-27 12:01:51.134767
2732,187780200,"Sarrafzadeh, M.",Full,250,250,None,0,0,2019-09-27 13:01:06.88658
2732,187780200,"Sarrafzadeh, M.",Full,250,250,None,0,0,2019-09-27 14:00:38.633081
2732,187780200,"Sarrafzadeh, M.",Full,250,250,None,0,0,2019-09-27 15:01:42.326299
2732,187780200,"Sarrafzadeh, M.",Full,250,250,None,0,0,2019-09-27 16:01:38.194852
2732,187780200,"Sarrafzadeh, M.",Full,250,250,None,0,0,2019-09-27 17:01:43.897144
2732,187780200,"Sarrafzadeh, M.",Full,250,250,None,0,0,2019-09-27 18:01:17.02245
2732,187780200,"Sarrafzadeh, M.",Full,250,250,None,0,0,2019-09-27 19:01:38.00094
2732,187780200,"Sarrafzadeh, M.",Full,250,250,None,0,0,2019-09-27 20:01:44.368996
2732,187780200,"Sarrafzadeh, M.",Full,250,250,None,0,0,2019-09-27 21:01:39.782851
2732,187780200,"Sarrafzadeh, M.",Full,250,250,None,0,0,2019-09-27 22:01:33.844313
2732,187780200,"Sarrafzadeh, M.",Full,250,250,None,0,0,2019-09-27 23:01:40.103741
2732,187780200,"Sarrafzadeh, M.",Full,250,250,None,0,0,2019-09-28 00:02:06.621382
2732,187780200,"Sarrafzadeh, M.",Full,250,250,None,0,0,2019-09-28 01:00:54.692641
2732,187780200,"Sarrafzadeh, M.",Full,250,250,None,0,0,2019-09-28 02:00:54.571126
2732,187780200,"Sarrafzadeh, M.",Full,250,250,None,0,0,2019-09-28 03:01:41.543655
2732,187780200,"Sarrafzadeh, M.",Full,250,250,None,0,0,2019-09-28 04:01:45.01085
2732,187780200,"Sarrafzadeh, M.",Full,250,250,None,0,0,2019-09-28 05:01:40.573762
2732,187780200,"Sarrafzadeh, M.",Full,250,250,None,0,0,2019-09-28 06:01:40.124123
2732,187780200,"Sarrafzadeh, M.",Full,250,250,None,0,0,2019-09-28 07:02:24.210445
2732,187780200,"Sarrafzadeh, M.",Full,250,250,None,0,0,2019-09-28 08:00:49.225955
2732,187780200,"Sarrafzadeh, M.",Full,250,250,None,0,0,2019-09-28 09:01:41.657793
2732,187780200,"Sarrafzadeh, M.",Full,250,250,None,0,0,2019-09-28 10:01:36.384537
2732,187780200,"Sarrafzadeh, M.",Full,250,250,None,0,0,2019-09-28 11:01:35.216306
2732,187780200,"Sarrafzadeh, M.",Full,250,250,None,0,0,2019-09-28 12:01:24.538267
2732,187780200,"Sarrafzadeh, M.",Full,250,250,None,0,0,2019-09-28 13:00:49.299105
2732,187780200,"Sarrafzadeh, M.",Full,250,250,None,0,0,2019-09-28 14:01:37.42331
2732,187780200,"Sarrafzadeh, M.",Full,250,250,None,0,0,2019-09-28 15:02:01.103712
2732,187780200,"Sarrafzadeh, M.",Full,250,250,None,0,0,2019-09-28 16:01:41.531062
2732,187780200,"Sarrafzadeh, M.",Full,250,250,None,0,0,2019-09-28 17:01:43.792649
2732,187780200,"Sarrafzadeh, M.",Full,250,250,None,0,0,2019-09-28 18:01:35.480544
2732,187780200,"Sarrafzadeh, M.",Full,250,250,None,0,0,2019-09-28 19:00:49.671656
2732,187780200,"Sarrafzadeh, M.",Full,250,250,None,0,0,2019-09-28 20:01:43.217523
2732,187780200,"Sarrafzadeh, M.",Full,250,250,None,0,0,2019-09-28 21:01:41.146681
2732,187780200,"Sarrafzadeh, M.",Full,250,250,None,0,0,2019-09-28 22:00:53.910813
2732,187780200,"Sarrafzadeh, M.",Full,250,250,None,0,0,2019-09-28 23:01:42.874851
2732,187780200,"Sarrafzadeh, M.",Full,250,250,None,0,0,2019-09-29 00:01:43.36754
2732,187780200,"Sarrafzadeh, M.",Full,250,250,None,0,0,2019-09-29 01:01:32.893286
2732,187780200,"Sarrafzadeh, M.",Full,250,250,None,0,0,2019-09-29 02:01:40.959564
2732,187780200,"Sarrafzadeh, M.",Full,250,250,None,0,0,2019-09-29 03:01:43.255262
2732,187780200,"Sarrafzadeh, M.",Full,250,250,None,0,0,2019-09-29 04:01:45.904235
2732,187780200,"Sarrafzadeh, M.",Full,250,250,None,0,0,2019-09-29 05:01:42.717461
2732,187780200,"Sarrafzadeh, M.",Full,250,250,None,0,0,2019-09-29 06:01:35.870853
2732,187780200,"Sarrafzadeh, M.",Full,250,250,None,0,0,2019-09-29 07:01:44.645521
2732,187780200,"Sarrafzadeh, M.",Full,250,250,None,0,0,2019-09-29 08:01:39.452843
2732,187780200,"Sarrafzadeh, M.",Full,250,250,None,0,0,2019-09-29 09:01:39.972264
2732,187780200,"Sarrafzadeh, M.",Full,250,250,None,0,0,2019-09-29 10:01:48.178358
2732,187780200,"Sarrafzadeh, M.",Full,250,250,None,0,0,2019-09-29 11:01:42.734627
2732,187780200,"Sarrafzadeh, M.",Full,250,250,None,0,0,2019-09-29 12:01:45.3424
2732,187780200,"Sarrafzadeh, M.",Full,250,250,None,0,0,2019-09-29 13:01:34.90321
2732,187780200,"Sarrafzadeh, M.",Full,250,250,None,0,0,2019-09-29 14:01:35.469414
2732,187780200,"Sarrafzadeh, M.",Full,250,250,None,0,0,2019-09-29 15:01:45.630355
2732,187780200,"Sarrafzadeh, M.",Full,250,250,None,0,0,2019-09-29 16:01:39.568153
2732,187780200,"Sarrafzadeh, M.",Full,250,250,None,0,0,2019-09-29 17:01:42.836635
2732,187780200,"Sarrafzadeh, M.",Full,250,250,None,0,0,2019-09-29 18:00:47.679176
2732,187780200,"Sarrafzadeh, M.",Full,250,250,None,0,0,2019-09-29 19:01:45.795383
2732,187780200,"Sarrafzadeh, M.",Full,250,250,None,0,0,2019-09-29 20:01:36.399611
2732,187780200,"Sarrafzadeh, M.",Full,250,250,None,0,0,2019-09-29 21:01:49.884546
2732,187780200,"Sarrafzadeh, M.",Full,250,250,None,0,0,2019-09-29 22:01:40.390105
2732,187780200,"Sarrafzadeh, M.",Full,250,250,None,0,0,2019-09-29 23:00:17.353878
2732,187780200,"Sarrafzadeh, M.",Full,250,250,None,0,0,2019-09-30 00:01:37.827707
2732,187780200,"Sarrafzadeh, M.",Full,250,250,None,0,0,2019-09-30 01:01:41.543951
2732,187780200,"Sarrafzadeh, M.",Full,250,250,None,0,0,2019-09-30 02:01:42.297438
2732,187780200,"Sarrafzadeh, M.",Full,250,250,None,0,0,2019-09-30 03:01:43.51885
2732,187780200,"Sarrafzadeh, M.",Full,250,250,None,0,0,2019-09-30 04:01:43.071133
2732,187780200,"Sarrafzadeh, M.",Full,250,250,None,0,0,2019-09-30 05:01:44.910658
2732,187780200,"Sarrafzadeh, M.",Full,250,250,None,0,0,2019-09-30 06:01:39.98386
2732,187780200,"Sarrafzadeh, M.",Full,250,250,None,0,0,2019-09-30 07:01:45.406851
2732,187780200,"Sarrafzadeh, M.",Full,250,250,None,0,0,2019-09-30 08:01:40.05905
2732,187780200,"Sarrafzadeh, M.",Full,250,250,None,0,0,2019-09-30 09:00:40.286849
2732,187780200,"Sarrafzadeh, M.",Full,250,250,None,0,0,2019-09-30 10:01:39.747364
2732,187780200,"Sarrafzadeh, M.",Full,250,250,None,0,0,2019-09-30 11:01:47.897689
2732,187780200,"Sarrafzadeh, M.",Full,250,250,None,0,0,2019-09-30 12:01:43.094851
2732,187780200,"Sarrafzadeh, M.",Full,250,250,None,0,0,2019-09-30 13:02:28.033145
2732,187780200,"Sarrafzadeh, M.",Full,250,250,None,0,0,2019-09-30 14:01:19.666251
2732,187780200,"Sarrafzadeh, M.",Full,250,250,None,0,0,2019-09-30 15:01:42.665484
2732,187780200,"Sarrafzadeh, M.",Full,250,250,None,0,0,2019-09-30 16:01:50.720514
2732,187780200,"Sarrafzadeh, M.",Full,250,250,None,0,0,2019-09-30 17:00:49.767785
2732,187780200,"Sarrafzadeh, M.",Full,250,250,None,0,0,2019-09-30 18:00:24.011016
2732,187780200,"Sarrafzadeh, M.",Full,250,250,None,0,0,2019-09-30 19:01:40.927725
2732,187780200,"Sarrafzadeh, M.",Full,250,250,None,0,0,2019-09-30 20:01:40.804769
2732,187780200,"Sarrafzadeh, M.",Full,250,250,None,0,0,2019-09-30 21:01:38.46312
2732,187780200,"Sarrafzadeh, M.",Full,250,250,None,0,0,2019-09-30 22:01:47.891085
2732,187780200,"Sarrafzadeh, M.",Full,250,250,None,0,0,2019-09-30 23:02:01.855995
2732,187780200,"Sarrafzadeh, M.",Full,250,250,None,0,0,2019-10-01 00:01:41.988116
2732,187780200,"Sarrafzadeh, M.",Full,250,250,None,0,0,2019-10-01 01:01:47.738714
2732,187780200,"Sarrafzadeh, M.",Full,250,250,None,0,0,2019-10-01 02:01:46.421808
2732,187780200,"Sarrafzadeh, M.",Full,250,250,None,0,0,2019-10-01 03:01:40.248058
2732,187780200,"Sarrafzadeh, M.",Full,250,250,None,0,0,2019-10-01 04:01:43.233911
2732,187780200,"Sarrafzadeh, M.",Full,250,250,None,0,0,2019-10-01 05:01:42.998782
2732,187780200,"Sarrafzadeh, M.",Full,250,250,None,0,0,2019-10-01 06:01:41.578858
2732,187780200,"Sarrafzadeh, M.",Full,250,250,None,0,0,2019-10-01 07:01:45.364903
2732,187780200,"Sarrafzadeh, M.",Full,250,250,None,0,0,2019-10-01 08:01:43.390984
2732,187780200,"Sarrafzadeh, M.",Full,250,250,None,0,0,2019-10-01 09:01:38.913925
2732,187780200,"Sarrafzadeh, M.",Full,250,250,None,0,0,2019-10-01 10:01:47.763124
2732,187780200,"Sarrafzadeh, M.",Full,250,250,None,0,0,2019-10-01 11:01:42.123737
2732,187780200,"Sarrafzadeh, M.",Full,250,250,None,0,0,2019-10-01 12:01:42.647874
2732,187780200,"Sarrafzadeh, M.",Full,250,250,None,0,0,2019-10-01 13:01:46.141178
2732,187780200,"Sarrafzadeh, M.",Full,250,250,None,0,0,2019-10-01 14:01:21.033958
2732,187780200,"Sarrafzadeh, M.",Full,250,250,None,0,0,2019-10-01 15:01:46.524571
2732,187780200,"Sarrafzadeh, M.",Full,250,250,None,0,0,2019-10-01 16:01:49.676082
2732,187780200,"Sarrafzadeh, M.",Full,250,250,None,0,0,2019-10-01 17:00:56.772819
2732,187780200,"Sarrafzadeh, M.",Full,250,250,None,0,0,2019-10-01 18:01:41.8267
2732,187780200,"Sarrafzadeh, M.",Full,250,250,None,0,0,2019-10-01 19:01:43.768622
2732,187780200,"Sarrafzadeh, M.",Full,250,250,None,0,0,2019-10-01 20:01:54.589416
2732,187780200,"Sarrafzadeh, M.",Full,250,250,None,0,0,2019-10-01 21:01:44.157615
2732,187780200,"Sarrafzadeh, M.",Full,250,250,None,0,0,2019-10-01 22:02:55.207709
2732,187780200,"Sarrafzadeh, M.",Full,250,250,None,0,0,2019-10-01 23:01:52.250203
2732,187780200,"Sarrafzadeh, M.",Full,250,250,None,0,0,2019-10-02 00:01:43.935916
2732,187780200,"Sarrafzadeh, M.",Full,250,250,None,0,0,2019-10-02 01:00:10.990481
2732,187780200,"Sarrafzadeh, M.",Full,250,250,None,0,0,2019-10-02 02:01:44.848767
2732,187780200,"Sarrafzadeh, M.",Full,250,250,None,0,0,2019-10-02 03:01:41.073561
2732,187780200,"Sarrafzadeh, M.",Full,250,250,None,0,0,2019-10-02 04:01:44.171619
2732,187780200,"Sarrafzadeh, M.",Full,250,250,None,0,0,2019-10-02 05:00:54.576393
2732,187780200,"Sarrafzadeh, M.",Full,250,250,None,0,0,2019-10-02 06:01:40.441081
2732,187780200,"Sarrafzadeh, M.",Full,250,250,None,0,0,2019-10-02 07:01:47.882821
2732,187780200,"Sarrafzadeh, M.",Full,250,250,None,0,0,2019-10-02 08:04:59.315864
2732,187780200,"Sarrafzadeh, M.",Full,250,250,None,0,0,2019-10-02 09:01:43.40611
2732,187780200,"Sarrafzadeh, M.",Full,250,250,None,0,0,2019-10-02 10:01:21.926282
2732,187780200,"Sarrafzadeh, M.",Full,250,250,None,0,0,2019-10-02 11:01:43.444948
2732,187780200,"Sarrafzadeh, M.",Full,250,250,None,0,0,2019-10-02 12:01:43.080943
2732,187780200,"Sarrafzadeh, M.",Full,250,250,None,0,0,2019-10-02 13:01:39.048701
2732,187780200,"Sarrafzadeh, M.",Full,250,250,None,0,0,2019-10-02 14:01:44.359447
2732,187780200,"Sarrafzadeh, M.",Full,250,250,None,0,0,2019-10-02 15:01:40.572871
2732,187780200,"Sarrafzadeh, M.",Full,250,250,None,0,0,2019-10-02 16:01:41.670464
2732,187780200,"Sarrafzadeh, M.",Full,250,250,None,0,0,2019-10-02 17:01:46.348661
2732,187780200,"Sarrafzadeh, M.",Full,250,250,None,0,0,2019-10-02 18:01:18.839939
2732,187780200,"Sarrafzadeh, M.",Full,250,250,None,0,0,2019-10-02 19:01:45.146313
2732,187780200,"Sarrafzadeh, M.",Full,250,250,None,0,0,2019-10-02 20:01:46.79934
2732,187780200,"Sarrafzadeh, M.",Full,250,250,None,0,0,2019-10-02 21:01:36.802939
2732,187780200,"Sarrafzadeh, M.",Full,250,250,None,0,0,2019-10-02 22:01:40.414801
2732,187780200,"Sarrafzadeh, M.",Full,250,250,None,0,0,2019-10-02 23:01:43.397569
2732,187780200,"Sarrafzadeh, M.",Full,250,250,None,0,0,2019-10-03 00:01:05.120564
2732,187780200,"Sarrafzadeh, M.",Full,250,250,None,0,0,2019-10-03 01:01:43.671596
2732,187780200,"Sarrafzadeh, M.",Full,250,250,None,0,0,2019-10-03 02:02:15.313383
2732,187780200,"Sarrafzadeh, M.",Full,250,250,None,0,0,2019-10-03 03:01:39.966003
2732,187780200,"Sarrafzadeh, M.",Full,250,250,None,0,0,2019-10-03 04:00:57.050845
2732,187780200,"Sarrafzadeh, M.",Full,250,250,None,0,0,2019-10-03 05:01:50.132213
2732,187780200,"Sarrafzadeh, M.",Full,250,250,None,0,0,2019-10-03 06:01:37.862111
2732,187780200,"Sarrafzadeh, M.",Full,250,250,None,0,0,2019-10-03 07:01:43.450848
2732,187780200,"Sarrafzadeh, M.",Full,250,250,None,0,0,2019-10-03 08:02:08.114493
2732,187780200,"Sarrafzadeh, M.",Full,250,250,None,0,0,2019-10-03 09:01:40.888063
2732,187780200,"Sarrafzadeh, M.",Full,250,250,None,0,0,2019-10-03 10:01:42.343649
2732,187780200,"Sarrafzadeh, M.",Full,250,250,None,0,0,2019-10-03 11:01:40.526736
2732,187780200,"Sarrafzadeh, M.",Full,250,250,None,0,0,2019-10-03 12:02:20.551207
2732,187780200,"Sarrafzadeh, M.",Full,250,250,None,0,0,2019-10-03 13:01:45.947674
2732,187780200,"Sarrafzadeh, M.",Full,250,250,None,0,0,2019-10-03 14:01:45.262411
2732,187780200,"Sarrafzadeh, M.",Full,250,250,None,0,0,2019-10-03 15:01:31.204547
2732,187780200,"Sarrafzadeh, M.",Full,250,250,None,0,0,2019-10-03 16:01:39.465545
2732,187780200,"Sarrafzadeh, M.",Full,250,250,None,0,0,2019-10-03 17:01:41.054147
2732,187780200,"Sarrafzadeh, M.",Full,250,250,None,0,0,2019-10-03 18:01:44.228819
2732,187780200,"Sarrafzadeh, M.",Full,250,250,None,0,0,2019-10-03 19:01:36.153706
2732,187780200,"Sarrafzadeh, M.",Full,250,250,None,0,0,2019-10-03 20:01:43.332544
2732,187780200,"Sarrafzadeh, M.",Full,250,250,None,0,0,2019-10-03 21:01:42.034047
2732,187780200,"Sarrafzadeh, M.",Full,250,250,None,0,0,2019-10-03 22:01:45.942012
2732,187780200,"Sarrafzadeh, M.",Full,250,250,None,0,0,2019-10-03 23:01:29.427947
2732,187780200,"Sarrafzadeh, M.",Full,250,250,None,0,0,2019-10-04 00:01:46.094237
2732,187780200,"Sarrafzadeh, M.",Full,250,250,None,0,0,2019-10-04 01:01:16.413473
2732,187780200,"Sarrafzadeh, M.",Full,250,250,None,0,0,2019-10-04 02:01:41.288631
2732,187780200,"Sarrafzadeh, M.",Full,250,250,None,0,0,2019-10-04 03:01:49.365928
2732,187780200,"Sarrafzadeh, M.",Full,250,250,None,0,0,2019-10-04 04:01:45.101339
2732,187780200,"Sarrafzadeh, M.",Full,250,250,None,0,0,2019-10-04 05:00:41.546459
2732,187780200,"Sarrafzadeh, M.",Full,250,250,None,0,0,2019-10-04 06:01:38.004757
2732,187780200,"Sarrafzadeh, M.",Full,250,250,None,0,0,2019-10-04 07:01:46.465888
2732,187780200,"Sarrafzadeh, M.",Full,250,250,None,0,0,2019-10-04 08:01:59.024818
2732,187780200,"Sarrafzadeh, M.",Full,250,250,None,0,0,2019-10-04 09:01:39.521728
2732,187780200,"Sarrafzadeh, M.",Full,250,250,None,0,0,2019-10-04 10:01:42.526345
2732,187780200,"Sarrafzadeh, M.",Full,250,250,None,0,0,2019-10-04 11:01:45.372662
2732,187780200,"Sarrafzadeh, M.",Full,250,250,None,0,0,2019-10-04 12:01:37.448946
2732,187780200,"Sarrafzadeh, M.",Full,250,250,None,0,0,2019-10-04 13:01:40.729477
2732,187780200,"Sarrafzadeh, M.",Full,250,250,None,0,0,2019-10-04 14:01:40.992537
2732,187780200,"Sarrafzadeh, M.",Full,250,250,None,0,0,2019-10-04 15:01:47.20685
2732,187780200,"Sarrafzadeh, M.",Full,250,250,None,0,0,2019-10-04 16:01:45.388253
2732,187780200,"Sarrafzadeh, M.",Full,250,250,None,0,0,2019-10-04 17:01:44.734877
2732,187780200,"Sarrafzadeh, M.",Full,250,250,None,0,0,2019-10-04 18:01:54.136534
2732,187780200,"Sarrafzadeh, M.",Full,250,250,None,0,0,2019-10-04 19:01:44.795896
2732,187780200,"Sarrafzadeh, M.",Full,250,250,None,0,0,2019-10-04 20:01:39.105835
2732,187780200,"Sarrafzadeh, M.",Full,250,250,None,0,0,2019-10-04 21:02:23.039768
2732,187780200,"Sarrafzadeh, M.",Full,250,250,None,0,0,2019-10-04 22:01:47.75608
2732,187780200,"Sarrafzadeh, M.",Full,250,250,None,0,0,2019-10-04 23:01:54.600242
2732,187780200,"Sarrafzadeh, M.",Full,250,250,None,0,0,2019-10-05 00:01:44.190176
2732,187780200,"Sarrafzadeh, M.",Full,250,250,None,0,0,2019-10-05 01:01:43.732267
2732,187780200,"Sarrafzadeh, M.",Full,250,250,None,0,0,2019-10-05 02:01:22.481164
2732,187780200,"Sarrafzadeh, M.",Full,250,250,None,0,0,2019-10-05 03:01:42.242849
2732,187780200,"Sarrafzadeh, M.",Full,250,250,None,0,0,2019-10-05 04:01:13.420085
2732,187780200,"Sarrafzadeh, M.",Full,250,250,None,0,0,2019-10-05 05:01:36.783869
2732,187780200,"Sarrafzadeh, M.",Full,250,250,None,0,0,2019-10-05 06:01:33.688348
2732,187780200,"Sarrafzadeh, M.",Full,250,250,None,0,0,2019-10-05 07:01:46.524763
2732,187780200,"Sarrafzadeh, M.",Full,250,250,None,0,0,2019-10-05 08:01:51.873754
2732,187780200,"Sarrafzadeh, M.",Full,250,250,None,0,0,2019-10-05 09:01:45.486848
2732,187780200,"Sarrafzadeh, M.",Full,250,250,None,0,0,2019-10-05 10:01:40.346663
2732,187780200,"Sarrafzadeh, M.",Full,250,250,None,0,0,2019-10-05 11:01:43.887402
2732,187780200,"Sarrafzadeh, M.",Full,250,250,None,0,0,2019-10-05 12:01:38.266849
2732,187780200,"Sarrafzadeh, M.",Full,250,250,None,0,0,2019-10-05 13:01:47.288471
2732,187780200,"Sarrafzadeh, M.",Full,250,250,None,0,0,2019-10-05 14:01:51.125811
2732,187780200,"Sarrafzadeh, M.",Full,250,250,None,0,0,2019-10-05 15:01:41.417308
2732,187780200,"Sarrafzadeh, M.",Full,250,250,None,0,0,2019-10-05 16:01:38.20685
2732,187780200,"Sarrafzadeh, M.",Full,250,250,None,0,0,2019-10-05 17:01:38.543029
2732,187780200,"Sarrafzadeh, M.",Full,250,250,None,0,0,2019-10-05 18:01:49.402508
2732,187780200,"Sarrafzadeh, M.",Full,250,250,None,0,0,2019-10-05 19:01:45.878116
2732,187780200,"Sarrafzadeh, M.",Full,250,250,None,0,0,2019-10-05 20:01:39.606572
2732,187780200,"Sarrafzadeh, M.",Full,250,250,None,0,0,2019-10-05 21:01:43.122494
2732,187780200,"Sarrafzadeh, M.",Full,250,250,None,0,0,2019-10-05 22:01:44.435494
2732,187780200,"Sarrafzadeh, M.",Full,250,250,None,0,0,2019-10-05 23:01:47.020033
2732,187780200,"Sarrafzadeh, M.",Full,250,250,None,0,0,2019-10-06 00:01:13.34801
2732,187780200,"Sarrafzadeh, M.",Full,250,250,None,0,0,2019-10-06 01:01:51.697864
2732,187780200,"Sarrafzadeh, M.",Full,250,250,None,0,0,2019-10-06 02:01:43.317812
2732,187780200,"Sarrafzadeh, M.",Full,250,250,None,0,0,2019-10-06 03:01:48.407554
2732,187780200,"Sarrafzadeh, M.",Full,250,250,None,0,0,2019-10-06 04:01:45.649452
2732,187780200,"Sarrafzadeh, M.",Full,250,250,None,0,0,2019-10-06 05:00:14.223938
2732,187780200,"Sarrafzadeh, M.",Full,250,250,None,0,0,2019-10-06 06:01:46.537743
2732,187780200,"Sarrafzadeh, M.",Full,250,250,None,0,0,2019-10-06 07:01:53.219866
2732,187780200,"Sarrafzadeh, M.",Full,250,250,None,0,0,2019-10-06 08:01:55.322903
2732,187780200,"Sarrafzadeh, M.",Full,250,250,None,0,0,2019-10-06 09:01:46.361869
2732,187780200,"Sarrafzadeh, M.",Full,250,250,None,0,0,2019-10-06 10:01:47.899289
2732,187780200,"Sarrafzadeh, M.",Full,250,250,None,0,0,2019-10-06 11:01:33.180967
2732,187780200,"Sarrafzadeh, M.",Full,250,250,None,0,0,2019-10-06 12:01:48.527773
2732,187780200,"Sarrafzadeh, M.",Full,250,250,None,0,0,2019-10-06 13:01:47.409574
2732,187780200,"Sarrafzadeh, M.",Full,250,250,None,0,0,2019-10-06 14:01:43.674817
2732,187780200,"Sarrafzadeh, M.",Full,250,250,None,0,0,2019-10-06 15:01:42.530061
2732,187780200,"Sarrafzadeh, M.",Full,250,250,None,0,0,2019-10-06 16:01:48.392871
2732,187780200,"Sarrafzadeh, M.",Full,250,250,None,0,0,2019-10-06 17:01:41.383756
2732,187780200,"Sarrafzadeh, M.",Full,250,250,None,0,0,2019-10-06 18:01:43.622847
2732,187780200,"Sarrafzadeh, M.",Full,250,250,None,0,0,2019-10-06 19:01:45.796137
2732,187780200,"Sarrafzadeh, M.",Full,250,250,None,0,0,2019-10-06 20:01:43.663408
2732,187780200,"Sarrafzadeh, M.",Full,252,250,None,0,0,2019-10-06 21:01:39.984739
2732,187780200,"Sarrafzadeh, M.",Full,252,250,None,0,0,2019-10-06 22:01:47.145793
2732,187780200,"Sarrafzadeh, M.",Full,252,250,None,0,0,2019-10-06 23:02:22.917151
2732,187780200,"Sarrafzadeh, M.",Full,252,250,None,0,0,2019-10-07 00:01:30.308311
2732,187780200,"Sarrafzadeh, M.",Full,252,250,None,0,0,2019-10-07 01:01:40.235712
2732,187780200,"Sarrafzadeh, M.",Full,252,250,None,0,0,2019-10-07 02:01:42.827625
2732,187780200,"Sarrafzadeh, M.",Full,252,250,None,0,0,2019-10-07 03:01:36.981846
2732,187780200,"Sarrafzadeh, M.",Full,252,250,None,0,0,2019-10-07 04:01:22.470764
2732,187780200,"Sarrafzadeh, M.",Full,252,250,None,0,0,2019-10-07 05:00:51.55085
2732,187780200,"Sarrafzadeh, M.",Full,252,250,None,0,0,2019-10-07 06:01:34.178125
2732,187780200,"Sarrafzadeh, M.",Full,252,250,None,0,0,2019-10-07 07:01:38.268532
2732,187780200,"Sarrafzadeh, M.",Full,252,250,None,0,0,2019-10-07 08:01:38.194062
2732,187780200,"Sarrafzadeh, M.",Full,252,250,None,0,0,2019-10-07 09:01:04.309854
2732,187780200,"Sarrafzadeh, M.",Full,252,250,None,0,0,2019-10-07 10:01:41.460995
2732,187780200,"Sarrafzadeh, M.",Full,252,250,None,0,0,2019-10-07 11:01:43.231245
2732,187780200,"Sarrafzadeh, M.",Full,252,250,None,0,0,2019-10-07 12:01:40.21811
2732,187780200,"Sarrafzadeh, M.",Full,252,250,None,0,0,2019-10-07 13:01:41.250132
2732,187780200,"Sarrafzadeh, M.",Full,252,250,None,0,0,2019-10-07 14:00:34.734147
2732,187780200,"Sarrafzadeh, M.",Full,252,250,None,0,0,2019-10-07 15:01:41.931049
2732,187780200,"Sarrafzadeh, M.",Full,252,250,None,0,0,2019-10-07 16:00:50.148409
2732,187780200,"Sarrafzadeh, M.",Full,252,250,None,0,0,2019-10-07 17:01:41.840012
2732,187780200,"Sarrafzadeh, M.",Full,252,250,None,0,0,2019-10-07 18:01:45.675747
2732,187780200,"Sarrafzadeh, M.",Full,252,250,None,0,0,2019-10-07 19:01:27.37813
2732,187780200,"Sarrafzadeh, M.",Full,252,250,None,0,0,2019-10-07 20:00:20.55451
2732,187780200,"Sarrafzadeh, M.",Full,252,250,None,0,0,2019-10-07 21:01:38.924987
2732,187780200,"Sarrafzadeh, M.",Full,252,250,None,0,0,2019-10-07 22:01:38.396898
2732,187780200,"Sarrafzadeh, M.",Full,252,250,None,0,0,2019-10-07 23:01:42.462119
2732,187780200,"Sarrafzadeh, M.",Full,252,250,None,0,0,2019-10-08 00:01:40.035805
2732,187780200,"Sarrafzadeh, M.",Full,252,250,None,0,0,2019-10-08 01:01:39.330852
2732,187780200,"Sarrafzadeh, M.",Full,252,250,None,0,0,2019-10-08 02:01:41.633099
2732,187780200,"Sarrafzadeh, M.",Full,252,250,None,0,0,2019-10-08 03:00:43.195711
2732,187780200,"Sarrafzadeh, M.",Full,252,250,None,0,0,2019-10-08 04:01:41.210199
2732,187780200,"Sarrafzadeh, M.",Full,252,250,None,0,0,2019-10-08 05:02:00.118507
2732,187780200,"Sarrafzadeh, M.",Full,252,250,None,0,0,2019-10-08 06:01:47.899981
2732,187780200,"Sarrafzadeh, M.",Full,252,250,None,0,0,2019-10-08 07:00:41.538858
2732,187780200,"Sarrafzadeh, M.",Full,252,250,None,0,0,2019-10-08 08:02:02.109759
2732,187780200,"Sarrafzadeh, M.",Full,252,250,None,0,0,2019-10-08 09:01:43.307491
2732,187780200,"Sarrafzadeh, M.",Full,252,250,None,0,0,2019-10-08 10:01:39.618576
2732,187780200,"Sarrafzadeh, M.",Full,252,250,None,0,0,2019-10-08 11:01:43.842156
2732,187780200,"Sarrafzadeh, M.",Full,252,250,None,0,0,2019-10-08 12:01:45.502065
2732,187780200,"Sarrafzadeh, M.",Full,252,250,None,0,0,2019-10-08 13:01:45.800984
2732,187780200,"Sarrafzadeh, M.",Full,252,250,None,0,0,2019-10-08 14:01:38.611603
2732,187780200,"Sarrafzadeh, M.",Full,252,250,None,0,0,2019-10-08 15:01:43.138693
2732,187780200,"Sarrafzadeh, M.",Full,252,250,None,0,0,2019-10-08 16:01:39.640264
2732,187780200,"Sarrafzadeh, M.",Full,252,250,None,0,0,2019-10-08 17:01:44.713641
2732,187780200,"Sarrafzadeh, M.",Full,252,250,None,0,0,2019-10-08 18:01:35.316596
2732,187780200,"Sarrafzadeh, M.",Full,252,250,None,0,0,2019-10-08 19:01:35.009738
2732,187780200,"Sarrafzadeh, M.",Full,252,250,None,0,0,2019-10-08 20:01:40.961504
2732,187780200,"Sarrafzadeh, M.",Full,252,250,None,0,0,2019-10-08 21:01:35.930998
2732,187780200,"Sarrafzadeh, M.",Full,252,250,None,0,0,2019-10-08 22:01:38.136568
2732,187780200,"Sarrafzadeh, M.",Full,252,250,None,0,0,2019-10-08 23:01:55.779591
2732,187780200,"Sarrafzadeh, M.",Full,252,250,None,0,0,2019-10-09 00:01:47.454854
2732,187780200,"Sarrafzadeh, M.",Full,252,250,None,0,0,2019-10-09 01:01:40.872557
2732,187780200,"Sarrafzadeh, M.",Full,252,250,None,0,0,2019-10-09 02:01:54.676632
2732,187780200,"Sarrafzadeh, M.",Full,252,250,None,0,0,2019-10-09 03:01:44.789088
2732,187780200,"Sarrafzadeh, M.",Full,252,250,None,0,0,2019-10-09 04:01:46.344034
2732,187780200,"Sarrafzadeh, M.",Full,252,250,None,0,0,2019-10-09 05:01:37.446052
2732,187780200,"Sarrafzadeh, M.",Full,252,250,None,0,0,2019-10-09 06:01:37.716979
2732,187780200,"Sarrafzadeh, M.",Full,252,250,None,0,0,2019-10-09 07:01:40.578729
2732,187780200,"Sarrafzadeh, M.",Full,252,250,None,0,0,2019-10-09 08:01:41.442853
2732,187780200,"Sarrafzadeh, M.",Full,252,250,None,0,0,2019-10-09 09:01:40.398178
2732,187780200,"Sarrafzadeh, M.",Full,252,250,None,0,0,2019-10-09 10:01:39.541225
2732,187780200,"Sarrafzadeh, M.",Full,252,250,None,0,0,2019-10-09 11:01:40.944857
2732,187780200,"Sarrafzadeh, M.",Full,252,250,None,0,0,2019-10-09 12:01:43.799437
2732,187780200,"Sarrafzadeh, M.",Full,252,250,None,0,0,2019-10-09 13:01:45.45441
2732,187780200,"Sarrafzadeh, M.",Full,252,250,None,0,0,2019-10-09 14:01:43.349581
2732,187780200,"Sarrafzadeh, M.",Full,252,250,None,0,0,2019-10-09 15:01:41.12436
2732,187780200,"Sarrafzadeh, M.",Full,252,250,None,0,0,2019-10-09 16:01:37.848774
2732,187780200,"Sarrafzadeh, M.",Full,252,250,None,0,0,2019-10-09 17:01:43.807388
2732,187780200,"Sarrafzadeh, M.",Full,252,250,None,0,0,2019-10-09 18:01:10.671201
2732,187780200,"Sarrafzadeh, M.",Full,252,250,None,0,0,2019-10-09 19:01:45.881135
2732,187780200,"Sarrafzadeh, M.",Full,252,250,None,0,0,2019-10-09 20:01:43.274242
2732,187780200,"Sarrafzadeh, M.",Full,252,250,None,0,0,2019-10-09 21:01:35.897522
2732,187780200,"Sarrafzadeh, M.",Full,252,250,None,0,0,2019-10-09 22:01:44.366323
2732,187780200,"Sarrafzadeh, M.",Full,252,250,None,0,0,2019-10-09 23:01:42.150846
2732,187780200,"Sarrafzadeh, M.",Full,252,250,None,0,0,2019-10-10 00:01:39.090606
2732,187780200,"Sarrafzadeh, M.",Full,252,250,None,0,0,2019-10-10 01:00:32.739828
2732,187780200,"Sarrafzadeh, M.",Full,252,250,None,0,0,2019-10-10 02:01:34.341799
2732,187780200,"Sarrafzadeh, M.",Full,252,250,None,0,0,2019-10-10 03:01:47.028132
2732,187780200,"Sarrafzadeh, M.",Full,252,250,None,0,0,2019-10-10 04:01:37.768805
2732,187780200,"Sarrafzadeh, M.",Full,252,250,None,0,0,2019-10-10 05:00:59.16858
2732,187780200,"Sarrafzadeh, M.",Full,252,250,None,0,0,2019-10-10 06:01:41.302508
2732,187780200,"Sarrafzadeh, M.",Full,252,250,None,0,0,2019-10-10 07:01:21.707914
2732,187780200,"Sarrafzadeh, M.",Full,252,250,None,0,0,2019-10-10 08:02:16.53448
2732,187780200,"Sarrafzadeh, M.",Full,252,250,None,0,0,2019-10-10 09:01:45.025401
2732,187780200,"Sarrafzadeh, M.",Full,252,250,None,0,0,2019-10-10 10:01:42.166855
2732,187780200,"Sarrafzadeh, M.",Full,252,250,None,0,0,2019-10-10 11:01:42.694744
2732,187780200,"Sarrafzadeh, M.",Full,252,250,None,0,0,2019-10-10 12:01:44.057585
2732,187780200,"Sarrafzadeh, M.",Full,252,250,None,0,0,2019-10-10 13:01:45.877452
2732,187780200,"Sarrafzadeh, M.",Full,252,250,None,0,0,2019-10-10 14:01:41.864879
2732,187780200,"Sarrafzadeh, M.",Full,252,250,None,0,0,2019-10-10 15:01:47.275009
2732,187780200,"Sarrafzadeh, M.",Full,252,250,None,0,0,2019-10-10 16:01:42.357666
2732,187780200,"Sarrafzadeh, M.",Full,252,250,None,0,0,2019-10-10 17:01:45.434166
2732,187780200,"Sarrafzadeh, M.",Full,252,250,None,0,0,2019-10-10 18:01:38.216818
2732,187780200,"Sarrafzadeh, M.",Full,252,250,None,0,0,2019-10-10 19:01:43.732456
2732,187780200,"Sarrafzadeh, M.",Full,252,250,None,0,0,2019-10-10 20:01:38.382407
2732,187780200,"Sarrafzadeh, M.",Full,252,250,None,0,0,2019-10-10 21:01:46.135224
2732,187780200,"Sarrafzadeh, M.",Full,252,250,None,0,0,2019-10-10 22:01:38.826851
2732,187780200,"Sarrafzadeh, M.",Full,252,250,None,0,0,2019-10-10 23:01:51.903736
2732,187780200,"Sarrafzadeh, M.",Full,252,250,None,0,0,2019-10-11 00:01:42.913856
2732,187780200,"Sarrafzadeh, M.",Full,252,250,None,0,0,2019-10-11 01:01:02.519719
2732,187780200,"Sarrafzadeh, M.",Full,252,250,None,0,0,2019-10-11 02:01:47.849299
2732,187780200,"Sarrafzadeh, M.",Full,252,250,None,0,0,2019-10-11 03:01:45.986039
2732,187780200,"Sarrafzadeh, M.",Full,252,250,None,0,0,2019-10-11 04:01:38.083569
2732,187780200,"Sarrafzadeh, M.",Full,252,250,None,0,0,2019-10-11 05:01:48.830853
2732,187780200,"Sarrafzadeh, M.",Full,252,250,None,0,0,2019-10-11 06:01:07.134576
2732,187780200,"Sarrafzadeh, M.",Full,252,250,None,0,0,2019-10-11 07:01:49.987779
2732,187780200,"Sarrafzadeh, M.",Full,252,250,None,0,0,2019-10-11 08:01:41.762675
2732,187780200,"Sarrafzadeh, M.",Full,252,250,None,0,0,2019-10-11 09:01:47.355921
2732,187780200,"Sarrafzadeh, M.",Full,252,250,None,0,0,2019-10-11 10:02:01.92233
2732,187780200,"Sarrafzadeh, M.",Full,252,250,None,0,0,2019-10-11 11:01:47.469469
2732,187780200,"Sarrafzadeh, M.",Full,252,250,None,0,0,2019-10-11 12:01:46.718787
2732,187780200,"Sarrafzadeh, M.",Full,252,250,None,0,0,2019-10-11 13:01:42.839061
2732,187780200,"Sarrafzadeh, M.",Full,252,250,None,0,0,2019-10-11 14:01:43.836008
2732,187780200,"Sarrafzadeh, M.",Full,252,250,None,0,0,2019-10-11 15:01:42.722726
2732,187780200,"Sarrafzadeh, M.",Full,252,250,None,0,0,2019-10-11 16:01:33.029224
2732,187780200,"Sarrafzadeh, M.",Full,252,250,None,0,0,2019-10-11 17:01:38.301541
2732,187780200,"Sarrafzadeh, M.",Full,252,250,None,0,0,2019-10-11 18:01:43.401995
2732,187780200,"Sarrafzadeh, M.",Full,252,250,None,0,0,2019-10-11 19:01:39.568785
2732,187780200,"Sarrafzadeh, M.",Full,252,250,None,0,0,2019-10-11 20:01:50.22056
2732,187780200,"Sarrafzadeh, M.",Full,252,250,None,0,0,2019-10-11 21:01:45.324321
2732,187780200,"Sarrafzadeh, M.",Full,252,250,None,0,0,2019-10-11 22:01:45.107985
2732,187780200,"Sarrafzadeh, M.",Full,252,250,None,0,0,2019-10-11 23:01:46.142767
2732,187780200,"Sarrafzadeh, M.",Full,252,250,None,0,0,2019-10-12 00:01:42.678053
2732,187780200,"Sarrafzadeh, M.",Full,252,250,None,0,0,2019-10-12 01:01:05.467913
2732,187780200,"Sarrafzadeh, M.",Full,252,250,None,0,0,2019-10-12 02:01:45.654849
2732,187780200,"Sarrafzadeh, M.",Full,252,250,None,0,0,2019-10-12 03:01:42.653788
2732,187780200,"Sarrafzadeh, M.",Full,252,250,None,0,0,2019-10-12 04:01:40.109504
2732,187780200,"Sarrafzadeh, M.",Full,252,250,None,0,0,2019-10-12 05:01:43.223773
2732,187780200,"Sarrafzadeh, M.",Full,252,250,None,0,0,2019-10-12 06:01:53.953699
2732,187780200,"Sarrafzadeh, M.",Full,252,250,None,0,0,2019-10-12 07:01:43.599768
2732,187780200,"Sarrafzadeh, M.",Full,252,250,None,0,0,2019-10-12 08:01:45.922851
2732,187780200,"Sarrafzadeh, M.",Full,252,250,None,0,0,2019-10-12 09:01:43.182447
2732,187780200,"Sarrafzadeh, M.",Full,252,250,None,0,0,2019-10-12 10:01:44.738411
2732,187780200,"Sarrafzadeh, M.",Full,252,250,None,0,0,2019-10-12 11:01:43.330566
2732,187780200,"Sarrafzadeh, M.",Full,252,250,None,0,0,2019-10-12 12:01:43.144789
2732,187780200,"Sarrafzadeh, M.",Full,252,250,None,0,0,2019-10-12 13:01:23.09656
2732,187780200,"Sarrafzadeh, M.",Full,252,250,None,0,0,2019-10-12 14:01:48.206034
2732,187780200,"Sarrafzadeh, M.",Full,252,250,None,0,0,2019-10-12 15:01:45.754064
2732,187780200,"Sarrafzadeh, M.",Full,252,250,None,0,0,2019-10-12 16:01:01.720671
2732,187780200,"Sarrafzadeh, M.",Full,252,250,None,0,0,2019-10-12 17:01:41.022816
2732,187780200,"Sarrafzadeh, M.",Full,252,250,None,0,0,2019-10-12 18:01:46.642352
2732,187780200,"Sarrafzadeh, M.",Full,252,250,None,0,0,2019-10-12 19:01:40.227343
2732,187780200,"Sarrafzadeh, M.",Full,252,250,None,0,0,2019-10-12 20:01:49.015597
2732,187780200,"Sarrafzadeh, M.",Full,252,250,None,0,0,2019-10-12 21:01:42.903812
2732,187780200,"Sarrafzadeh, M.",Full,252,250,None,0,0,2019-10-12 22:01:46.847724
2732,187780200,"Sarrafzadeh, M.",Full,252,250,None,0,0,2019-10-12 23:01:49.903296
2732,187780200,"Sarrafzadeh, M.",Full,252,250,None,0,0,2019-10-13 00:01:50.830384
2732,187780200,"Sarrafzadeh, M.",Full,252,250,None,0,0,2019-10-13 01:02:03.88373
2732,187780200,"Sarrafzadeh, M.",Full,252,250,None,0,0,2019-10-13 02:01:50.884609
2732,187780200,"Sarrafzadeh, M.",Full,252,250,None,0,0,2019-10-13 03:01:45.111791
2732,187780200,"Sarrafzadeh, M.",Full,252,250,None,0,0,2019-10-13 04:01:42.600643
2732,187780200,"Sarrafzadeh, M.",Full,252,250,None,0,0,2019-10-13 05:01:45.803715
2732,187780200,"Sarrafzadeh, M.",Full,252,250,None,0,0,2019-10-13 06:01:46.078664
2732,187780200,"Sarrafzadeh, M.",Full,252,250,None,0,0,2019-10-13 07:01:46.673394
2732,187780200,"Sarrafzadeh, M.",Full,252,250,None,0,0,2019-10-13 08:01:44.753418
2732,187780200,"Sarrafzadeh, M.",Full,252,250,None,0,0,2019-10-13 09:01:46.575626
2732,187780200,"Sarrafzadeh, M.",Full,252,250,None,0,0,2019-10-13 10:01:37.404606
2732,187780200,"Sarrafzadeh, M.",Full,252,250,None,0,0,2019-10-13 11:01:40.635576
2732,187780200,"Sarrafzadeh, M.",Full,252,250,None,0,0,2019-10-13 12:01:15.672888
2732,187780200,"Sarrafzadeh, M.",Full,252,250,None,0,0,2019-10-13 13:01:46.654608
2732,187780200,"Sarrafzadeh, M.",Full,252,250,None,0,0,2019-10-13 14:01:26.244424
2732,187780200,"Sarrafzadeh, M.",Full,252,250,None,0,0,2019-10-13 15:01:39.443866
2732,187780200,"Sarrafzadeh, M.",Full,252,250,None,0,0,2019-10-13 16:01:46.539706
2732,187780200,"Sarrafzadeh, M.",Full,252,250,None,0,0,2019-10-13 17:01:45.764833
2732,187780200,"Sarrafzadeh, M.",Full,252,250,None,0,0,2019-10-13 18:00:42.907519
2732,187780200,"Sarrafzadeh, M.",Full,252,250,None,0,0,2019-10-13 19:00:17.32595
2732,187780200,"Sarrafzadeh, M.",Full,252,250,None,0,0,2019-10-13 20:01:45.026864
2732,187780200,"Sarrafzadeh, M.",Full,252,250,None,0,0,2019-10-13 21:01:44.740516
2732,187780200,"Sarrafzadeh, M.",Full,252,250,None,0,0,2019-10-13 22:01:42.338895
2732,187780200,"Sarrafzadeh, M.",Full,252,250,None,0,0,2019-10-13 23:01:46.486859
2732,187780200,"Sarrafzadeh, M.",Full,252,250,None,0,0,2019-10-14 00:01:28.296009
2732,187780200,"Sarrafzadeh, M.",Full,252,250,None,0,0,2019-10-14 01:01:45.025543
2732,187780200,"Sarrafzadeh, M.",Full,252,250,None,0,0,2019-10-14 02:01:20.091065
2732,187780200,"Sarrafzadeh, M.",Full,252,250,None,0,0,2019-10-14 03:01:49.32469
2732,187780200,"Sarrafzadeh, M.",Full,252,250,None,0,0,2019-10-14 04:01:56.328855
2732,187780200,"Sarrafzadeh, M.",Full,252,250,None,0,0,2019-10-14 05:01:47.061318
2732,187780200,"Sarrafzadeh, M.",Full,252,250,None,0,0,2019-10-14 06:01:39.652506
2732,187780200,"Sarrafzadeh, M.",Full,252,250,None,0,0,2019-10-14 07:01:45.468541
2732,187780200,"Sarrafzadeh, M.",Full,252,250,None,0,0,2019-10-14 08:01:45.898793
2732,187780200,"Sarrafzadeh, M.",Full,252,250,None,0,0,2019-10-14 09:01:44.136568
2732,187780200,"Sarrafzadeh, M.",Full,252,250,None,0,0,2019-10-14 10:01:40.456623
2732,187780200,"Sarrafzadeh, M.",Full,252,250,None,0,0,2019-10-14 11:01:41.451079
2732,187780200,"Sarrafzadeh, M.",Full,252,250,None,0,0,2019-10-14 12:01:40.81897
2732,187780200,"Sarrafzadeh, M.",Full,252,250,None,0,0,2019-10-14 13:01:43.970406
2732,187780200,"Sarrafzadeh, M.",Full,252,250,None,0,0,2019-10-14 14:01:44.334455
2732,187780200,"Sarrafzadeh, M.",Full,252,250,None,0,0,2019-10-14 15:01:51.939822
2732,187780200,"Sarrafzadeh, M.",Full,252,250,None,0,0,2019-10-14 16:01:22.003576
2732,187780200,"Sarrafzadeh, M.",Full,252,250,None,0,0,2019-10-14 17:01:48.358877
2732,187780200,"Sarrafzadeh, M.",Full,252,250,None,0,0,2019-10-14 18:01:43.623707
2732,187780200,"Sarrafzadeh, M.",Full,252,250,None,0,0,2019-10-14 19:01:47.213938
2732,187780200,"Sarrafzadeh, M.",Full,252,250,None,0,0,2019-10-14 20:01:44.964878
2732,187780200,"Sarrafzadeh, M.",Full,252,250,None,0,0,2019-10-14 21:01:50.547033
2732,187780200,"Sarrafzadeh, M.",Full,252,250,None,0,0,2019-10-14 22:01:39.659587
2732,187780200,"Sarrafzadeh, M.",Full,252,250,None,0,0,2019-10-14 23:01:48.998271
2732,187780200,"Sarrafzadeh, M.",Full,252,250,None,0,0,2019-10-15 00:01:44.418193
2732,187780200,"Sarrafzadeh, M.",Full,252,250,None,0,0,2019-10-15 01:01:47.988932
2732,187780200,"Sarrafzadeh, M.",Full,252,250,None,0,0,2019-10-15 02:01:52.30336
2732,187780200,"Sarrafzadeh, M.",Full,252,250,None,0,0,2019-10-15 03:01:52.619925
2732,187780200,"Sarrafzadeh, M.",Full,252,250,None,0,0,2019-10-15 04:01:48.113053
2732,187780200,"Sarrafzadeh, M.",Full,252,250,None,0,0,2019-10-15 05:01:26.791876
2732,187780200,"Sarrafzadeh, M.",Full,252,250,None,0,0,2019-10-15 06:01:51.547716
2732,187780200,"Sarrafzadeh, M.",Full,252,250,None,0,0,2019-10-15 07:01:46.060103
2732,187780200,"Sarrafzadeh, M.",Full,252,250,None,0,0,2019-10-15 08:01:34.915752
2732,187780200,"Sarrafzadeh, M.",Full,252,250,None,0,0,2019-10-15 09:01:42.449439
2732,187780200,"Sarrafzadeh, M.",Full,252,250,None,0,0,2019-10-15 10:01:48.10771
2732,187780200,"Sarrafzadeh, M.",Full,252,250,None,0,0,2019-10-15 11:00:54.945481
2732,187780200,"Sarrafzadeh, M.",Full,252,250,None,0,0,2019-10-15 12:01:47.591813
2732,187780200,"Sarrafzadeh, M.",Full,252,250,None,0,0,2019-10-15 13:01:48.16876
2732,187780200,"Sarrafzadeh, M.",Full,252,250,None,0,0,2019-10-15 14:01:46.824931
2732,187780200,"Sarrafzadeh, M.",Full,252,250,None,0,0,2019-10-15 15:01:46.513817
2732,187780200,"Sarrafzadeh, M.",Full,252,250,None,0,0,2019-10-15 16:01:44.139553
2732,187780200,"Sarrafzadeh, M.",Full,252,250,None,0,0,2019-10-15 17:01:28.645729
2732,187780200,"Sarrafzadeh, M.",Full,252,250,None,0,0,2019-10-15 18:01:42.548569
2732,187780200,"Sarrafzadeh, M.",Full,252,250,None,0,0,2019-10-15 19:01:55.246862
2732,187780200,"Sarrafzadeh, M.",Full,252,250,None,0,0,2019-10-15 20:01:46.027132
2732,187780200,"Sarrafzadeh, M.",Full,251,250,None,0,0,2019-10-15 21:01:45.444074
2732,187780200,"Sarrafzadeh, M.",Full,251,250,None,0,0,2019-10-15 22:01:30.221151
2732,187780200,"Sarrafzadeh, M.",Full,251,250,None,0,0,2019-10-15 23:01:47.819268
2732,187780200,"Sarrafzadeh, M.",Full,251,250,None,0,0,2019-10-16 00:01:49.748568
2732,187780200,"Sarrafzadeh, M.",Full,251,250,None,0,0,2019-10-16 01:01:43.376954
2732,187780200,"Sarrafzadeh, M.",Full,251,250,None,0,0,2019-10-16 02:01:42.553479
